,vgpmil,random_forest,svm,cnn
recall,0.713,,,0.859
precision,0.886,,,0.702
accuracy,0.942,,,0.922
f1_score,0.79,,,0.772
cohens_kappa,0.757,,,0.726
ttest_ind,9.168047459712463e-06,,,3.0022760771447583e-06
ttest_rel,1.823951190493705e-19,,,3.7532374741312845e-19
bag_recall,0.972,0.875,0.861,0.972
bag_precision,0.642,0.969,0.954,0.722
bag_accuracy,0.727,0.927,0.913,0.807
bag_f1_score,0.773,0.92,0.905,0.828
bag_cohens_kappa,0.463,0.853,0.826,0.618
roc_auc,0.96,0.925,0.911,0.949
